{"count":1,"self":59.9150144,"total":74.7651362,"children":{"InitializeActuators":{"count":1,"self":0.0039911999999999994,"total":0.0039911999999999994,"children":null},"InitializeSensors":{"count":1,"self":0.001994,"total":0.001994,"children":null},"AgentSendState":{"count":3686,"self":0.0477236,"total":0.511612,"children":{"CollectObservations":{"count":3686,"self":0.32061449999999997,"total":0.32061449999999997,"children":null},"WriteActionMask":{"count":3686,"self":0.0079788999999999988,"total":0.0079788999999999988,"children":null},"RequestDecision":{"count":3686,"self":0.043511499999999995,"total":0.135295,"children":{"AgentInfo.ToProto":{"count":3686,"self":0.0238557,"total":0.09178349999999999,"children":{"GenerateSensorData":{"count":3686,"self":0.0679278,"total":0.0679278,"children":null}}}}}}},"DecideAction":{"count":3686,"self":13.9386128,"total":13.9386131,"children":null},"AgentAct":{"count":3686,"self":0.39188639999999997,"total":0.39188639999999997,"children":null}},"gauges":{},"metadata":{"timer_format_version":"0.1.0","start_time_seconds":"1685285344","unity_version":"2021.3.6f1","command_line_arguments":"C:\\Program Files\\Unity\\Hub\\Editor\\2021.3.6f1\\Editor\\Unity.exe -projectpath C:\\Unity\\ML_Agents -useHub -hubIPC -cloudEnvironment production","communication_protocol_version":"1.5.0","com.unity.ml-agents_version":"2.3.0-exp.3","scene_name":"SampleScene","end_time_seconds":"1685285418"}}